<keymap version="1" name="Eclipse copy" parent="Eclipse">
  <action id="ChangesView.GroupBy.Directory" />
  <action id="ChooseRunConfiguration">
    <keyboard-shortcut first-keystroke="ctrl enter" />
  </action>
  <action id="CollapseAllRegions">
    <keyboard-shortcut first-keystroke="ctrl p" />
  </action>
  <action id="CollapseExpandableComponent">
    <keyboard-shortcut first-keystroke="ctrl subtract" />
    <keyboard-shortcut first-keystroke="ctrl minus" />
  </action>
  <action id="Console.Execute.Multiline" />
  <action id="Console.Jdbc.Execute" />
  <action id="Console.TableResult.ColumnsList">
    <keyboard-shortcut first-keystroke="ctrl f3" />
  </action>
  <action id="Console.TableResult.EditValueMaximized">
    <keyboard-shortcut first-keystroke="shift alt enter" />
  </action>
  <action id="DatabaseView.PropertiesAction" />
  <action id="DirDiffMenu.SynchronizeDiff.All" />
  <action id="EditorSplitLine" />
  <action id="EditorStartNewLine" />
  <action id="ExpandAllRegions">
    <keyboard-shortcut first-keystroke="ctrl o" />
  </action>
  <action id="ExpandExpandableComponent">
    <keyboard-shortcut first-keystroke="ctrl add" />
    <keyboard-shortcut first-keystroke="ctrl equals" />
  </action>
  <action id="FileChooser.TogglePathShowing" />
  <action id="FileStructurePopup">
    <keyboard-shortcut first-keystroke="ctrl f3" />
  </action>
  <action id="Help.KeymapReference">
    <keyboard-shortcut first-keystroke="ctrl meta s" />
  </action>
  <action id="HideAllWindows">
    <keyboard-shortcut first-keystroke="shift enter" />
  </action>
  <action id="OpenElementInNewWindow" />
  <action id="Print" />
  <action id="PyExecuteCellAction" />
  <action id="ReformatCode">
    <keyboard-shortcut first-keystroke="shift ctrl f" />
  </action>
  <action id="RenameElement">
    <keyboard-shortcut first-keystroke="ctrl r" />
  </action>
  <action id="RunToCursor" />
  <action id="ShowSettings" />
  <action id="TodoViewGroupByShowPackages" />
  <action id="ToggleFullScreen">
    <keyboard-shortcut first-keystroke="meta f" />
  </action>
  <action id="UML.ShowStructure">
    <keyboard-shortcut first-keystroke="ctrl f3" />
  </action>
  <action id="ViewSource" />
</keymap>