<application>
  <component name="dataSourceStorage" format="xml" multifile-model="true">
    <data-source source="LOCAL" name="qadb@localhost" uuid="cef65823-a24e-48f2-b079-cae1a738a1a0">
      <driver-ref>postgresql</driver-ref>
      <synchronize>true</synchronize>
      <schema-control>AUTOMATIC</schema-control>
      <jdbc-driver>org.postgresql.Driver</jdbc-driver>
      <jdbc-url>jdbc:postgresql://localhost:5432/qadb</jdbc-url>
      <working-dir>$ProjectFileDir$</working-dir>
    </data-source>
  </component>
</application>