<application>
  <component name="LocalDatabaseDriverManager" version="201">
    <driver id="mysql.8" name="MySQL local">
      <artifact id="MySQL ConnectorJ" name="MySQL ConnectorJ" use="true" version="8.0.21" />
      <option name="source-loading" value="USER_AND_SYSTEM_SOURCES" />
    </driver>
    <driver id="mysql">
      <option name="source-loading" value="USER_AND_SYSTEM_SOURCES" />
    </driver>
    <driver id="mysql_aurora">
      <artifact id="MariaDB Connector J" name="MariaDB Connector J" channel="MariaDB_2.X" rolling="true" use="true" version="2.6.0" />
    </driver>
    <driver id="postgresql">
      <artifact id="PostgreSQL" name="PostgreSQL" use="true" version="42.7.3" />
    </driver>
    <driver id="redshift">
      <artifact id="Redshift" name="Redshift" use="true" version="2.1.0.32" />
    </driver>
    <driver id="java.sql.Driver" name="Amazon Athena" driver-class="com.simba.athena.jdbc.Driver">
      <library>
        <url>file://$USER_HOME$/Downloads/AthenaJDBC42.jar</url>
      </library>
    </driver>
  </component>
</application>