<application>
  <component name="Trusted.Paths">
    <option name="TRUSTED_PROJECT_PATHS">
      <map>
        <entry key="$USER_HOME$/DataGripProjects/qa_tool_data" value="true" />
        <entry key="$USER_HOME$/_docs/ba_parser/ingest" value="true" />
        <entry key="$USER_HOME$/_projects/credit-qa-tool" value="true" />
        <entry key="$USER_HOME$/_projects/credit-qa-tool2" value="true" />
        <entry key="$USER_HOME$/_projects/datagrip_proj" value="true" />
      </map>
    </option>
  </component>
  <component name="Trusted.Paths.Settings">
    <option name="TRUSTED_PATHS">
      <list>
        <option value="$USER_HOME$/_docs/ba_parser" />
        <option value="$USER_HOME$/_projects" />
      </list>
    </option>
  </component>
</application>