<application>
  <component name="DimensionService">
    <location key="find.popup.-203.-1080.1920.1080" x="650" y="-940" />
    <location key="find.popup.0.0.3024.1964@192dpi" x="688" y="270" />
    <location key="find.popup.-963.-1440.3440.1440" x="566" y="-1261" />
    <size key="GridCell.Tab.0.left.-208.-1080.1920.1080" width="1840" height="548" />
    <size key="GridCell.Tab.0.center.-208.-1080.1920.1080" width="1840" height="548" />
    <size key="GridCell.Tab.0.right.-208.-1080.1920.1080" width="1840" height="548" />
    <size key="GridCell.Tab.0.bottom.-208.-1080.1920.1080" width="1840" height="548" />
    <size key="GridCell.Tab.1.left.-208.-1080.1920.1080" width="1840" height="548" />
    <size key="GridCell.Tab.1.center.-208.-1080.1920.1080" width="1840" height="548" />
    <size key="GridCell.Tab.1.right.-208.-1080.1920.1080" width="1840" height="548" />
    <size key="GridCell.Tab.1.bottom.-208.-1080.1920.1080" width="1840" height="548" />
    <size key="GridCell.Tab.2.left.-208.-1080.1920.1080" width="1840" height="548" />
    <size key="GridCell.Tab.2.center.-208.-1080.1920.1080" width="1840" height="548" />
    <size key="GridCell.Tab.2.right.-208.-1080.1920.1080" width="1840" height="548" />
    <size key="GridCell.Tab.2.bottom.-208.-1080.1920.1080" width="1840" height="548" />
    <size key="GridCell.Tab.0.left.0.0.3024.1964@192dpi" width="2724" height="982" />
    <size key="GridCell.Tab.0.center.0.0.3024.1964@192dpi" width="2724" height="982" />
    <size key="GridCell.Tab.0.right.0.0.3024.1964@192dpi" width="2724" height="982" />
    <size key="GridCell.Tab.0.bottom.0.0.3024.1964@192dpi" width="2724" height="982" />
    <size key="GridCell.Tab.1.left.0.0.3024.1964@192dpi" width="2724" height="982" />
    <size key="GridCell.Tab.1.center.0.0.3024.1964@192dpi" width="2724" height="982" />
    <size key="GridCell.Tab.1.right.0.0.3024.1964@192dpi" width="2724" height="982" />
    <size key="GridCell.Tab.1.bottom.0.0.3024.1964@192dpi" width="2724" height="982" />
    <size key="GridCell.Tab.2.left.0.0.3024.1964@192dpi" width="2026" height="868" />
    <size key="GridCell.Tab.2.center.0.0.3024.1964@192dpi" width="2026" height="868" />
    <size key="GridCell.Tab.2.right.0.0.3024.1964@192dpi" width="2026" height="868" />
    <size key="GridCell.Tab.2.bottom.0.0.3024.1964@192dpi" width="2026" height="868" />
    <size key="GridCell.Tab.0.left.-203.-1080.1920.1080" width="1669" height="481" />
    <size key="GridCell.Tab.0.center.-203.-1080.1920.1080" width="1669" height="481" />
    <size key="GridCell.Tab.0.right.-203.-1080.1920.1080" width="1669" height="481" />
    <size key="GridCell.Tab.0.bottom.-203.-1080.1920.1080" width="1669" height="481" />
    <size key="GridCell.Tab.1.left.-203.-1080.1920.1080" width="1669" height="481" />
    <size key="GridCell.Tab.1.center.-203.-1080.1920.1080" width="1669" height="481" />
    <size key="GridCell.Tab.1.right.-203.-1080.1920.1080" width="1669" height="481" />
    <size key="GridCell.Tab.1.bottom.-203.-1080.1920.1080" width="1669" height="481" />
    <size key="GridCell.Tab.2.left.-203.-1080.1920.1080" width="1669" height="481" />
    <size key="GridCell.Tab.2.center.-203.-1080.1920.1080" width="1669" height="481" />
    <size key="GridCell.Tab.2.right.-203.-1080.1920.1080" width="1669" height="481" />
    <size key="GridCell.Tab.2.bottom.-203.-1080.1920.1080" width="1669" height="481" />
    <size key="find.popup.-203.-1080.1920.1080" width="570" height="810" />
    <size key="GridCell.Tab.0.left.0.0.1920.1080" width="1581" height="511" />
    <size key="GridCell.Tab.0.center.0.0.1920.1080" width="1581" height="511" />
    <size key="GridCell.Tab.0.right.0.0.1920.1080" width="1581" height="511" />
    <size key="GridCell.Tab.0.bottom.0.0.1920.1080" width="1581" height="511" />
    <size key="GridCell.Tab.1.left.0.0.1920.1080" width="1581" height="511" />
    <size key="GridCell.Tab.1.center.0.0.1920.1080" width="1581" height="511" />
    <size key="GridCell.Tab.1.right.0.0.1920.1080" width="1581" height="511" />
    <size key="GridCell.Tab.1.bottom.0.0.1920.1080" width="1581" height="511" />
    <size key="GridCell.Tab.2.left.0.0.1920.1080" width="1581" height="625" />
    <size key="GridCell.Tab.2.center.0.0.1920.1080" width="1581" height="625" />
    <size key="GridCell.Tab.2.right.0.0.1920.1080" width="1581" height="625" />
    <size key="GridCell.Tab.2.bottom.0.0.1920.1080" width="1581" height="625" />
    <size key="GridCell.Tab.0.left.-1359.-1080.1920.1080" width="1532" height="486" />
    <size key="GridCell.Tab.0.center.-1359.-1080.1920.1080" width="1532" height="486" />
    <size key="GridCell.Tab.0.right.-1359.-1080.1920.1080" width="1532" height="486" />
    <size key="GridCell.Tab.0.bottom.-1359.-1080.1920.1080" width="1532" height="486" />
    <size key="GridCell.Tab.1.left.-1359.-1080.1920.1080" width="1532" height="486" />
    <size key="GridCell.Tab.1.center.-1359.-1080.1920.1080" width="1532" height="486" />
    <size key="GridCell.Tab.1.right.-1359.-1080.1920.1080" width="1532" height="486" />
    <size key="GridCell.Tab.1.bottom.-1359.-1080.1920.1080" width="1532" height="486" />
    <size key="find.popup.0.0.3024.1964@192dpi" width="1908" height="1456" />
    <size key="GridCell.Tab.0.left.-220.-1440.3440.1440" width="3360" height="486" />
    <size key="GridCell.Tab.0.center.-220.-1440.3440.1440" width="3360" height="486" />
    <size key="GridCell.Tab.0.right.-220.-1440.3440.1440" width="3360" height="486" />
    <size key="GridCell.Tab.0.bottom.-220.-1440.3440.1440" width="3360" height="486" />
    <size key="GridCell.Tab.1.left.-220.-1440.3440.1440" width="3360" height="486" />
    <size key="GridCell.Tab.1.center.-220.-1440.3440.1440" width="3360" height="486" />
    <size key="GridCell.Tab.1.right.-220.-1440.3440.1440" width="3360" height="486" />
    <size key="GridCell.Tab.1.bottom.-220.-1440.3440.1440" width="3360" height="486" />
    <size key="GridCell.Tab.2.left.-220.-1440.3440.1440" width="3360" height="486" />
    <size key="GridCell.Tab.2.center.-220.-1440.3440.1440" width="3360" height="486" />
    <size key="GridCell.Tab.2.right.-220.-1440.3440.1440" width="3360" height="486" />
    <size key="GridCell.Tab.2.bottom.-220.-1440.3440.1440" width="3360" height="486" />
    <size key="GridCell.Tab.0.left.-1023.-1440.3440.1440" width="2906" height="486" />
    <size key="GridCell.Tab.0.center.-1023.-1440.3440.1440" width="2906" height="486" />
    <size key="GridCell.Tab.0.right.-1023.-1440.3440.1440" width="2906" height="486" />
    <size key="GridCell.Tab.0.bottom.-1023.-1440.3440.1440" width="2906" height="486" />
    <size key="GridCell.Tab.1.left.-1023.-1440.3440.1440" width="2906" height="486" />
    <size key="GridCell.Tab.1.center.-1023.-1440.3440.1440" width="2906" height="486" />
    <size key="GridCell.Tab.1.right.-1023.-1440.3440.1440" width="2906" height="486" />
    <size key="GridCell.Tab.1.bottom.-1023.-1440.3440.1440" width="2906" height="486" />
    <size key="GridCell.Tab.2.left.-1023.-1440.3440.1440" width="2906" height="486" />
    <size key="GridCell.Tab.2.center.-1023.-1440.3440.1440" width="2906" height="486" />
    <size key="GridCell.Tab.2.right.-1023.-1440.3440.1440" width="2906" height="486" />
    <size key="GridCell.Tab.2.bottom.-1023.-1440.3440.1440" width="2906" height="486" />
    <size key="GridCell.Tab.0.left.-851.-1080.1920.1080" width="1512" height="481" />
    <size key="GridCell.Tab.0.center.-851.-1080.1920.1080" width="1512" height="481" />
    <size key="GridCell.Tab.0.right.-851.-1080.1920.1080" width="1512" height="481" />
    <size key="GridCell.Tab.0.bottom.-851.-1080.1920.1080" width="1512" height="481" />
    <size key="GridCell.Tab.1.left.-851.-1080.1920.1080" width="1512" height="481" />
    <size key="GridCell.Tab.1.center.-851.-1080.1920.1080" width="1512" height="481" />
    <size key="GridCell.Tab.1.right.-851.-1080.1920.1080" width="1512" height="481" />
    <size key="GridCell.Tab.1.bottom.-851.-1080.1920.1080" width="1512" height="481" />
    <size key="GridCell.Tab.2.left.-851.-1080.1920.1080" width="1512" height="481" />
    <size key="GridCell.Tab.2.center.-851.-1080.1920.1080" width="1512" height="481" />
    <size key="GridCell.Tab.2.right.-851.-1080.1920.1080" width="1512" height="481" />
    <size key="GridCell.Tab.2.bottom.-851.-1080.1920.1080" width="1512" height="481" />
    <size key="GridCell.Tab.0.left.-213.-1080.1920.1080" width="1594" height="481" />
    <size key="GridCell.Tab.0.center.-213.-1080.1920.1080" width="1594" height="481" />
    <size key="GridCell.Tab.0.right.-213.-1080.1920.1080" width="1594" height="481" />
    <size key="GridCell.Tab.0.bottom.-213.-1080.1920.1080" width="1594" height="481" />
    <size key="GridCell.Tab.1.left.-213.-1080.1920.1080" width="1594" height="481" />
    <size key="GridCell.Tab.1.center.-213.-1080.1920.1080" width="1594" height="481" />
    <size key="GridCell.Tab.1.right.-213.-1080.1920.1080" width="1594" height="481" />
    <size key="GridCell.Tab.1.bottom.-213.-1080.1920.1080" width="1594" height="481" />
    <size key="GridCell.Tab.2.left.-213.-1080.1920.1080" width="1594" height="481" />
    <size key="GridCell.Tab.2.center.-213.-1080.1920.1080" width="1594" height="481" />
    <size key="GridCell.Tab.2.right.-213.-1080.1920.1080" width="1594" height="481" />
    <size key="GridCell.Tab.2.bottom.-213.-1080.1920.1080" width="1594" height="481" />
    <size key="GridCell.Tab.3.left.-213.-1080.1920.1080" width="1594" height="481" />
    <size key="GridCell.Tab.3.center.-213.-1080.1920.1080" width="1594" height="481" />
    <size key="GridCell.Tab.3.right.-213.-1080.1920.1080" width="1594" height="481" />
    <size key="GridCell.Tab.3.bottom.-213.-1080.1920.1080" width="1594" height="481" />
    <size key="GridCell.Tab.0.left.-963.-1440.3440.1440" width="2688" height="672" />
    <size key="GridCell.Tab.0.center.-963.-1440.3440.1440" width="2688" height="672" />
    <size key="GridCell.Tab.0.right.-963.-1440.3440.1440" width="2688" height="672" />
    <size key="GridCell.Tab.0.bottom.-963.-1440.3440.1440" width="2688" height="672" />
    <size key="GridCell.Tab.1.left.-963.-1440.3440.1440" width="2688" height="672" />
    <size key="GridCell.Tab.1.center.-963.-1440.3440.1440" width="2688" height="672" />
    <size key="GridCell.Tab.1.right.-963.-1440.3440.1440" width="2688" height="672" />
    <size key="GridCell.Tab.1.bottom.-963.-1440.3440.1440" width="2688" height="672" />
    <size key="GridCell.Tab.2.left.-963.-1440.3440.1440" width="2688" height="672" />
    <size key="GridCell.Tab.2.center.-963.-1440.3440.1440" width="2688" height="672" />
    <size key="GridCell.Tab.2.right.-963.-1440.3440.1440" width="2688" height="672" />
    <size key="GridCell.Tab.2.bottom.-963.-1440.3440.1440" width="2688" height="672" />
    <size key="find.popup.-963.-1440.3440.1440" width="1907" height="1087" />
    <size key="GridCell.Tab.0.left.-1019.-1440.3440.1440" width="2504" height="434" />
    <size key="GridCell.Tab.0.center.-1019.-1440.3440.1440" width="2504" height="434" />
    <size key="GridCell.Tab.0.right.-1019.-1440.3440.1440" width="2504" height="434" />
    <size key="GridCell.Tab.0.bottom.-1019.-1440.3440.1440" width="2504" height="434" />
    <size key="GridCell.Tab.1.left.-1019.-1440.3440.1440" width="2504" height="434" />
    <size key="GridCell.Tab.1.center.-1019.-1440.3440.1440" width="2504" height="434" />
    <size key="GridCell.Tab.1.right.-1019.-1440.3440.1440" width="2504" height="434" />
    <size key="GridCell.Tab.1.bottom.-1019.-1440.3440.1440" width="2504" height="434" />
    <size key="GridCell.Tab.0.left.-404.-2160.3840.2160@192dpi" width="3680" height="868" />
    <size key="GridCell.Tab.0.center.-404.-2160.3840.2160@192dpi" width="3680" height="868" />
    <size key="GridCell.Tab.0.right.-404.-2160.3840.2160@192dpi" width="3680" height="868" />
    <size key="GridCell.Tab.0.bottom.-404.-2160.3840.2160@192dpi" width="3680" height="868" />
    <size key="GridCell.Tab.1.left.-404.-2160.3840.2160@192dpi" width="3680" height="868" />
    <size key="GridCell.Tab.1.center.-404.-2160.3840.2160@192dpi" width="3680" height="868" />
    <size key="GridCell.Tab.1.right.-404.-2160.3840.2160@192dpi" width="3680" height="868" />
    <size key="GridCell.Tab.1.bottom.-404.-2160.3840.2160@192dpi" width="3680" height="868" />
    <size key="GridCell.Tab.2.left.-404.-2160.3840.2160@192dpi" width="3680" height="868" />
    <size key="GridCell.Tab.2.center.-404.-2160.3840.2160@192dpi" width="3680" height="868" />
    <size key="GridCell.Tab.2.right.-404.-2160.3840.2160@192dpi" width="3680" height="868" />
    <size key="GridCell.Tab.2.bottom.-404.-2160.3840.2160@192dpi" width="3680" height="868" />
  </component>
  <component name="WindowManager">
    <frame x="70" y="38" width="1442" height="944" extendedState="6" />
  </component>
  <component name="WindowStateApplicationService">
    <state width="300" height="300" key="Vcs.CompareWithSelectedRevision.Popup" timestamp="1764370454785">
      <screen x="70" y="38" width="1442" height="944" />
    </state>
    <state width="300" height="300" key="Vcs.CompareWithSelectedRevision.Popup/70.38.1442.944" timestamp="1764370454785" />
    <state width="300" height="524" key="manage.recent.projects.popup" timestamp="1762169413845">
      <screen x="70" y="38" width="1442" height="944" />
    </state>
    <state width="300" height="524" key="manage.recent.projects.popup/70.38.1442.944/-208.-1055.1920.1055" timestamp="1762169413845" />
  </component>
</application>