<code_scheme name="Default" version="173">
  <DB2CodeStyleSettings version="7">
    <option name="USE_GENERIC_STYLE" value="true" />
  </DB2CodeStyleSettings>
  <DerbyCodeStyleSettings version="7">
    <option name="USE_GENERIC_STYLE" value="true" />
  </DerbyCodeStyleSettings>
  <H2CodeStyleSettings version="7">
    <option name="USE_GENERIC_STYLE" value="true" />
  </H2CodeStyleSettings>
  <HSQLCodeStyleSettings version="7">
    <option name="USE_GENERIC_STYLE" value="true" />
  </HSQLCodeStyleSettings>
  <JavaCodeStyleSettings>
    <option name="CLASS_COUNT_TO_USE_IMPORT_ON_DEMAND" value="100" />
    <option name="NAMES_COUNT_TO_USE_IMPORT_ON_DEMAND" value="100" />
  </JavaCodeStyleSettings>
  <MSSQLCodeStyleSettings version="7">
    <option name="USE_GENERIC_STYLE" value="true" />
  </MSSQLCodeStyleSettings>
  <MySQLCodeStyleSettings version="7">
    <option name="KEYWORD_CASE" value="2" />
    <option name="TYPE_CASE" value="2" />
    <option name="CUSTOM_TYPE_CASE" value="2" />
    <option name="USE_GENERIC_STYLE" value="true" />
  </MySQLCodeStyleSettings>
  <OracleCodeStyleSettings version="7">
    <option name="USE_GENERIC_STYLE" value="true" />
  </OracleCodeStyleSettings>
  <PostgresCodeStyleSettings version="7">
    <option name="USE_GENERIC_STYLE" value="true" />
  </PostgresCodeStyleSettings>
  <SQLiteCodeStyleSettings version="7">
    <option name="USE_GENERIC_STYLE" value="true" />
  </SQLiteCodeStyleSettings>
  <SqlCodeStyleSettings version="7">
    <option name="KEYWORD_CASE" value="2" />
    <option name="TYPE_CASE" value="2" />
    <option name="CUSTOM_TYPE_CASE" value="2" />
  </SqlCodeStyleSettings>
  <SybaseCodeStyleSettings version="7">
    <option name="USE_GENERIC_STYLE" value="true" />
  </SybaseCodeStyleSettings>
</code_scheme>