<code_scheme name="Default" version="173">
  <option name="AUTODETECT_INDENTS" value="false" />
  <DB2CodeStyleSettings version="7">
    <option name="USE_GENERIC_STYLE" value="true" />
  </DB2CodeStyleSettings>
  <DerbyCodeStyleSettings version="7">
    <option name="USE_GENERIC_STYLE" value="true" />
  </DerbyCodeStyleSettings>
  <H2CodeStyleSettings version="7">
    <option name="USE_GENERIC_STYLE" value="true" />
  </H2CodeStyleSettings>
  <HSQLCodeStyleSettings version="7">
    <option name="USE_GENERIC_STYLE" value="true" />
  </HSQLCodeStyleSettings>
  <JavaCodeStyleSettings>
    <option name="CLASS_COUNT_TO_USE_IMPORT_ON_DEMAND" value="100" />
    <option name="NAMES_COUNT_TO_USE_IMPORT_ON_DEMAND" value="100" />
  </JavaCodeStyleSettings>
  <MSSQLCodeStyleSettings version="7">
    <option name="USE_GENERIC_STYLE" value="true" />
  </MSSQLCodeStyleSettings>
  <MySQLCodeStyleSettings version="7">
    <option name="KEYWORD_CASE" value="2" />
    <option name="TYPE_CASE" value="2" />
    <option name="CUSTOM_TYPE_CASE" value="2" />
    <option name="USE_GENERIC_STYLE" value="true" />
  </MySQLCodeStyleSettings>
  <OracleCodeStyleSettings version="7">
    <option name="USE_GENERIC_STYLE" value="true" />
  </OracleCodeStyleSettings>
  <PostgresCodeStyleSettings version="7">
    <option name="USE_GENERIC_STYLE" value="true" />
  </PostgresCodeStyleSettings>
  <SQLiteCodeStyleSettings version="7">
    <option name="USE_GENERIC_STYLE" value="true" />
  </SQLiteCodeStyleSettings>
  <SqlCodeStyleSettings version="7">
    <option name="KEYWORD_CASE" value="2" />
    <option name="TYPE_CASE" value="2" />
    <option name="CUSTOM_TYPE_CASE" value="2" />
    <option name="QUERY_SECTION_1ST_WORD_ALIGN" value="0" />
    <option name="QUERY_EL_LINE" value="0" />
    <option name="QUERY_IN_ONE_STRING" value="0" />
    <option name="QUERY_TRUE_INDENT" value="false" />
    <option name="QUERY_ALIGN_ELEMENTS" value="false" />
    <option name="QUERY_ALIGN_LINE_COMMENTS" value="false" />
    <option name="INSERT_OPENING" value="0" />
    <option name="INSERT_CONTENT" value="0" />
    <option name="INSERT_CLOSING" value="0" />
    <option name="INSERT_TABLE_EL_LINE" value="0" />
    <option name="INSERT_VALUES_EL_LINE" value="0" />
    <option name="INSERT_EL_WRAP" value="0" />
    <option name="SET_EL_LINE" value="0" />
    <option name="SET_EL_WRAP" value="0" />
    <option name="SET_ALIGN_EQUAL_SIGN" value="false" />
    <option name="WITH_EL_WRAP" value="0" />
    <option name="SELECT_EL_WRAP" value="0" />
    <option name="SELECT_ALIGN_AS" value="false" />
    <option name="FROM_EL_WRAP" value="0" />
    <option name="FROM_WRAP_JOIN_1" value="false" />
    <option name="FROM_WRAP_JOIN_2" value="false" />
    <option name="FROM_INDENT_JOIN" value="false" />
    <option name="WHERE_EL_WRAP" value="0" />
    <option name="ORDER_EL_WRAP" value="0" />
    <option name="ROUTINE_ARG_OPENING" value="0" />
    <option name="ROUTINE_ARG_WRAP" value="0" />
    <option name="ROUTINE_PG_L_QUOTE_WRAP_BEFORE" value="false" />
    <option name="ROUTINE_PG_L_QUOTE_WRAP_AFTER" value="false" />
    <option name="ROUTINE_PG_R_QUOTE_WRAP_BEFORE" value="false" />
    <option name="IMP_DECLARE_CONTENT_WRAP" value="false" />
    <option name="IMP_DECLARE_ALIGN_TYPE" value="false" />
    <option name="IMP_DECLARE_ALIGN_EQ" value="false" />
    <option name="IMP_IF_THEN_WRAP_ELSE" value="false" />
    <option name="IMP_IF_THEN_WRAP_INNER" value="false" />
    <option name="IMP_IF_THEN_COLLAPSE" value="false" />
    <option name="IMP_LOOP_LOOP_WRAP" value="false" />
    <option name="IMP_LOOP_LOOP_INDENT" value="false" />
    <option name="EXPR_BINARY_OP_ALIGN" value="false" />
    <option name="EXPR_CALL_SPACE_AFTER_COMMA" value="false" />
    <option name="EXPR_CASE_WHEN_WRAP" value="false" />
    <option name="EXPR_CASE_WHEN_INDENT" value="false" />
    <option name="EXPR_CASE_COLLAPSE" value="false" />
  </SqlCodeStyleSettings>
  <SybaseCodeStyleSettings version="7">
    <option name="USE_GENERIC_STYLE" value="true" />
  </SybaseCodeStyleSettings>
</code_scheme>